id,tpm_unstranded,fpkm_unstranded,fpkm_uq_unstranded
db70cd04-821e-43a7-bac1-815a30172be1,9.9666,2.9757,2.8638
139b1f70-02f6-4f5e-84b3-81d3677b3f8c,0.8379,0.206,0.1826
195d8bd4-352c-4407-9319-797d915c72b8,1.7328,0.5089,0.517
1008e8d8-a93c-4779-80b6-1272322e7c52,4.8415,1.3731,1.3974
f988afae-48f8-4ecc-bb84-87924b454bf0,5.5573,1.4447,1.3374
6e209f42-3c0f-4f05-83d7-c982448ccb87,2.9427,0.927,0.9013
e38d31b7-ad89-4fff-93d5-05f49998727b,3.4374,0.8838,0.8252
ef2a6bd9-fe3b-4b67-942c-89f3a34813ad,1.5925,0.4182,0.3987
a410ae33-9070-4d1d-886a-21f04666a6c7,0.8122,0.2579,0.2853
3ccab1b1-39f2-4947-bbac-1c25750f0464,4.2761,2.3395,2.507
2c1b1cbb-6e9f-4416-8faa-abb31d6b4e0e,1.6076,0.5021,0.4932
fa94f266-1ed4-440a-8d10-3c72ce4100ba,0.9469,0.3101,0.3652
83f93d3f-d038-4773-a671-0f218f53821c,18.7786,5.0198,5.3799
cab9ff29-e575-45e2-a411-1bfdc2e2610c,2.9229,0.8367,0.863
0361ec21-e83f-40a9-b825-d92487b1239a,3.3618,0.9557,0.931
27c65ed6-9e9d-4a9d-9b6f-76d2a12f7699,5.3365,1.5116,1.4784
57d2c12f-e3ae-457b-b92c-22002aecdba0,4.2533,1.2054,1.2714
5a61d29b-5ae6-41b6-8842-865463f72990,5.8446,1.633,1.6177
4e01a01d-eded-4d02-b8aa-1920c6997726,4.7762,1.5215,1.5474
0a133c47-fae8-4e3b-8f4d-cbf357f5e2fc,3.7247,0.9218,0.9555
78142fe5-7a8a-49dd-87b5-6a1e6427893e,5.8699,1.6367,1.4378
bc4ac436-ed5f-4774-867d-a6bdd7e14486,2.7804,0.9258,0.8611
a852a227-c31f-410f-baee-81135917a7d2,9.9526,2.5689,2.4839
56c85bd5-c353-457a-94a9-91a3cc0ac4e0,3.2147,1.514,1.4362
0d71189d-6801-4d6b-b306-22efcaa2564a,10.8418,2.9606,2.7432
8c92ecf0-5d81-48c3-ad9f-9adf51860962,2.2183,0.7236,0.721
951bac30-0a85-4dd8-8470-c1a3b84817f9,0.8714,0.2481,0.2401
02bbe1b1-44ff-426b-a40e-47a01bc4cf7d,2.8651,0.9976,0.9629
d5a1a331-cd5b-448f-adf6-ea393565ef26,3.6993,0.9617,0.9804
63eff205-4fd4-4148-a596-2f7c17da328f,3.8536,1.3178,1.2973
3628bc49-6968-47a8-96e4-e47421a7152a,7.9777,2.5063,2.4527
2f51534b-248b-4999-bc3f-e42a2e98332e,2.4832,0.7395,0.7512
b6a8beee-f393-4d3b-943e-1c44fad65526,3.1256,1.0832,1.1076
7de22a44-8f58-4a73-90a3-a16d161160e8,1.3115,0.4236,0.4299
f79d6a7e-eaaa-4382-a5ed-600cf8d45824,1.4947,0.4417,0.5521
934807ee-e303-43b7-938a-1721c6c31584,4.6649,1.4011,1.5193
9d2a209e-f610-4bde-8265-ef7e7e7ac0c4,1.0604,0.3103,0.2926
b8542fa9-5521-48bc-ae1b-4e12a1744e0d,2.6702,0.7709,0.7674
ecf14d2a-e353-4674-9b3f-f0d11bcc9900,1.9333,0.6467,0.7111
b1e1ae0d-4558-4d30-9b20-79aa40fa5a2a,7.8531,1.9566,1.7244
240a1e61-5188-4249-b6dd-d6e0d7935d8d,3.2022,2.8859,2.9719
e590db5d-2577-43ec-9d39-45a257be5562,0.7631,0.2664,0.2634
f8efdeb0-a8f8-4e2d-a52e-43d033e4ce6f,0.7336,0.2311,0.2294
22aac1ce-7a45-481b-b3f6-6393deeadcd6,2.539,0.6675,0.6965
3621ce2e-a1eb-4a45-ac06-779a780b0b99,6.0628,1.4674,1.4139
b73f749f-eafa-460d-b921-f12e7f8d6609,1.1085,0.4244,0.5873
ce52c9b2-ab83-4efa-8abf-97475dcf892d,3.5318,1.0057,0.9711
a2b566c2-bdbc-41c0-a9dc-8207582e1a51,5.0779,1.414,1.2736
8408e231-e0d2-4650-b269-9a7f7ff4a597,2.1863,0.6834,0.7259
c5d4a1ed-8fd3-4435-96f5-ea5e56326f20,6.8765,1.7445,1.7298
b1366128-6ab0-4205-ae2b-a854e8ad45bf,6.5361,1.8465,1.6398
6365a756-2e65-42cb-be4f-1f726915ca94,1.6768,0.4619,0.4249
231b4ae3-8543-47f4-a9f6-0ac26210b26d,2.7783,0.6687,0.6542
0e2d6467-d90b-40dc-813c-fa4f8a0f4d07,4.0703,1.1066,1.131
f602fb69-df50-4b19-8e14-c1979a120119,3.8987,0.9986,0.9629
a29c8616-0f82-4515-870e-68887a628c92,2.5324,0.7277,0.7247
cd215363-3f4a-4928-9dbb-60735f4c27ce,5.5854,1.9753,2.2297
fff3f42f-5e42-4653-b91b-1676f914e9fa,3.921,1.0066,1.0467
7caf8867-7cff-4dbd-b611-4748d86590a8,2.3309,0.6223,0.6171
4796719b-2fa2-40ee-9fa9-6a8caa703823,6.0898,1.5992,1.5163
956570e5-7ed4-4d17-a830-f1bc67a7af15,6.9085,1.5942,1.4685
e558015e-969b-4354-9bc9-219a60092734,11.0103,3.0266,2.9852
b321a3f5-043d-42c6-8c9d-5784d45cb85c,1.1741,0.3328,0.3096
967f7008-e212-4114-ab43-dc2a6295f80c,3.3313,1.0792,1.0405
5991af25-0b64-43d2-867a-6b9713b17af9,2.8611,0.8266,0.7743
37d359b3-d8f5-44cf-8f30-57dfdbbab8c1,2.71,0.6769,0.6133
23dace7d-4200-46ee-8501-96c4b5084851,4.4738,1.1529,1.1688
c5bb9834-a08f-4729-9aec-22f9a2816184,2.3958,0.6,0.5868
187f14ba-0002-4f99-9eb1-af93cbfdd4c2,4.6072,1.1589,1.0978
fb49b14e-d40f-4270-98b3-458ce60f2cde,2.7746,0.8011,0.7648
b3861080-a052-4432-82f8-193122ab29d4,4.9807,1.3822,1.4263
eee9bac6-9fb4-4b3a-8b97-cebac861a00b,1.2363,0.4015,0.3984
a3624554-07c8-41d7-9b6b-f4cbf9de9301,4.622,1.227,1.1697
bc1ed706-3abf-407c-9133-18169a4cf0e2,2.8042,0.7288,0.6986
7830107d-bc45-4391-b95c-787a246cf059,3.0881,0.8815,0.8236
5ea12b9b-56ac-4d0c-8761-bf172b2f23e0,2.1646,0.6537,0.6447
053442de-6d8a-4811-b03c-be1c7a3f207c,1.9945,0.5114,0.4914
34a0c8c5-8086-4f33-9ecb-7518035a4a7f,1.9329,0.4664,0.4668
5c66dcbd-024b-4a7b-b3aa-bbbaaf91ae78,3.6185,0.8984,0.8322
c355cc80-6344-44b2-82e0-79d701fef03c,3.0867,0.8325,0.8355
7c9a2493-5667-48ec-8998-81e13722b4ab,0.9757,0.5174,0.6715
8832d658-24d2-4d12-a025-959d5eed1271,8.154,2.1407,2.1154
f6c907ac-5dc9-4bdc-b7c6-3bac9f9059d3,5.2254,1.5357,1.6384
0a430a9a-7e63-41d6-8cd0-1dda1e1df975,4.7152,1.34,1.2776
8b629c3d-0f28-4740-b681-6f064354f794,5.352,1.3131,1.1932
aeee03c3-20b3-4f96-b686-52111ce99a63,9.1265,2.2713,2.0658
ba2e1bd2-56f5-4dfb-94b5-92c50c58b31e,7.1385,1.7771,1.779
05ebe1e0-bf0d-4622-bc45-b0eacffdebcc,1.6161,0.4217,0.3811
034f8d01-f664-494b-bc04-77485000611f,4.3592,1.062,1.0215
85237b9e-67a3-46a2-9c19-3818522994b2,1.2808,0.419,0.4649
8f08cee9-a91f-4305-bf8d-efeee9cd386c,5.8773,1.5148,1.4736
b793fa3a-f197-409f-b630-2dcba3290cce,5.041,1.3844,1.4114
56f3a401-cf18-4d25-b4af-6bacca469041,4.2438,1.1807,1.1086
e6ac5ada-4358-4ca3-b1cf-05d3e0cf0597,4.4472,1.2412,1.2154
4c6f18b9-eb4c-4b7f-90ee-0c3194407be7,2.1631,0.6249,0.6277
b4aad532-f92b-43d9-820c-f3c98e382225,1.4843,0.4745,0.5131
6ddab78f-8bf5-43ef-847b-f68c15475d46,2.806,0.7146,0.8152
c54b98cc-521e-4790-b67d-9dcc20af8c76,23.4616,5.963,5.8792
7dfcf573-5004-4c46-a269-8a07e303f873,2.7928,0.7112,0.6656
02a50d1b-ff62-4936-a0ce-ac0e22a5b41c,12.2185,3.8891,4.0976
0cf58c62-a75d-413b-8ce3-4d90f4688b04,1.4209,0.4225,0.3866
deb14c1d-474c-4d6f-bb8a-2b6df5dce5c9,1.9672,0.6603,0.6692
56bc1e6b-d1bf-4df9-b266-07ff567aad77,1.0292,0.5787,0.6525
9b7c81c7-d03c-446c-9d25-8c966058b0e3,7.2225,2.5102,2.744
0940092b-46da-4975-bde7-f205fe12707b,3.4366,0.8733,0.8211
23b6c182-bb01-403a-9844-560518d059ac,2.8229,0.7666,0.7738
a7428d3b-f84b-4c2f-a996-14a11af6b6df,6.8944,1.8354,1.7919
ad930bd1-0026-4f83-92e2-23170c1965aa,4.521,1.1771,1.122
8643d0bc-0acb-4d6e-b6bd-5a997d2fc39d,1.7304,0.5907,0.5476
071e21e7-a494-4d87-ab48-1cb334e0d992,2.644,0.9852,0.9442
cafc9e36-c5f0-45df-ad03-16210ff0d870,1.1905,0.301,0.3018
682169e0-f36b-430c-896f-c93668b4ce78,4.9993,1.542,1.7434
74d50556-5de8-4eff-82e6-a3ad9c70020a,4.6235,1.1162,1.0794
dede0990-1733-4473-bc48-78605f16834c,1.4695,0.3989,0.3625
039eaafb-c311-45ff-9df7-30c1b0bab00a,4.2486,1.0173,1.0508
06a03e45-7315-4a8d-9fef-d841a4a8043c,0.6435,0.2285,0.248
f266f0c7-53aa-43bc-bbef-b9af0054391f,2.1139,0.5989,0.6092
5e36c4a2-fc6b-418f-80ab-dbd95b26a39e,1.0434,0.3223,0.3295
4ee78309-dea3-486f-95a8-ca283a1b70d9,2.76,0.7425,0.6859
2e64abe2-6024-4d28-9e09-560ce2a9fd15,1.653,0.5365,0.5896
bb06ad3a-4d73-4f88-8f3c-954dce2b38ef,5.7006,1.3837,1.3545
e614fbb4-7574-4704-9525-c0aea4c10fc6,4.0314,1.3605,1.5115
93cc1307-7138-4547-a9a2-8a5398815c01,5.2688,1.668,1.7598
ef54e4a6-4447-425f-be33-e428e5838daa,4.2853,1.0921,1.0589
0a72c39e-889a-4990-bf96-6c7b9b8c1124,3.7601,1.1931,1.2399
3ef3fd4b-ed5b-41e1-8096-c573cf609bd3,5.2636,1.3823,1.3615
b4b81763-61bc-469b-a048-eba733193262,1.0587,0.3385,0.3425
5020cd67-6bd9-420c-bc6a-1cc8f2f78bde,1.8164,0.5271,0.524
fd6f4c9b-ee43-4939-8cfa-2e447aedbcf3,3.0886,0.947,1.0739
18e5bf73-efdd-4c75-957c-68a94f6cb396,1.1873,0.3492,0.335
6fb7c578-dec9-4fe8-a9bf-3888bb765658,2.7851,0.6942,0.6784
4eee2055-ed1f-4958-b214-4cff055c87bd,3.7895,1.0527,1.0653
38387a4f-c65d-4075-8133-fdf259e919ed,1.4852,0.6937,0.8111
11d450a3-4578-4444-8ddf-613b5868b683,0.957,0.2654,0.247
9e563a6c-1c6f-4901-a1af-f1ef2d8da025,0.7756,0.228,0.2447
b35809ed-747b-46b9-9921-e14d859e5b5d,2.7002,0.6936,0.6759
fb9c23f2-8694-41ca-a126-a5a131abeac1,4.3529,1.0737,1.0918
784a9c63-9b40-4f6c-8147-93d0ed523867,2.4395,0.7366,0.7081
cc66d11a-33c0-4247-9072-6e7c0d0b6112,8.3148,2.1351,2.0311
647221bc-8100-4bb5-86a5-973fb67fde0b,2.005,0.7111,0.7064
b656d5d9-3bd0-4d76-b7ad-6440cc706048,2.909,0.8615,0.7876
2df3cde4-5d53-4e2c-829a-e609f1d92a7b,1.9504,0.6183,0.5985
a31cd337-8f1a-451d-9b90-b722590d3105,3.9214,1.1311,1.1239
79beb4e0-5066-481f-b432-94d69219bfe8,3.5724,1.0833,0.9923
fac3e41a-3b98-4293-855f-d23cb01522d0,3.2155,0.9244,0.8403
171e095d-2236-43c8-9670-23608e6cc8ab,9.2177,2.5753,2.4945
ffe82e73-0990-4d3d-a4d1-7d4e169dfdf5,1.6637,0.5069,0.497
2f3e03a2-8764-4791-b53a-a599c6159e19,4.7127,1.1984,1.1812
44beea06-28a7-490a-b6bb-4e023230e51c,1.9034,0.5292,0.4884
914508e1-ccc8-47ff-a225-7aca326a54dd,2.4588,0.6821,0.6526
4abffa72-e45a-405a-b53b-73900d48253d,1.7862,0.5536,0.5437
0f168687-6f42-4d92-8f91-13efde785a0c,2.7754,0.8167,0.7819
2485ee80-8de4-4f98-b4f9-7c012bb29f6c,2.2605,0.653,0.6676
5b51c204-3342-46d9-86a4-2ed091492318,2.9995,0.9606,0.9859
f518ad50-78d8-4b0f-a6b0-07bad20462ce,1.0745,0.3063,0.3113
9918029c-763f-4458-b929-a4db95fd5e1a,3.8433,1.0379,1.0564
29246ea5-44e5-43d3-be04-c038c20db027,12.6287,3.9977,4.2592
8d66b5ac-4ceb-40a3-b2b9-4d0c24be01a7,1.4061,0.5197,0.5809
1cb7f73e-af63-4d6a-b6a1-fe289435a93f,4.6421,1.1275,1.118
fd98106a-a2c6-4f23-86f5-66436c2501e5,13.3521,3.231,2.986
9db2f825-0d02-4437-9107-a6b92ef4e2cc,2.6204,0.6952,0.6811
f48956a3-c821-429f-b1ad-a27133d739bd,4.918,1.2912,1.2184
fdadb011-0da3-458f-8b4e-d09e4c847a5b,1.4838,0.4219,0.4614
d77c2ca5-196a-4426-84e4-0ffa4a3667ef,2.1673,0.5648,0.6243
a2b214c2-a5d4-4ce6-b505-e1438027236d,2.226,0.5655,0.5334
e6bad6ec-c178-4684-99e8-2504781a022b,4.456,2.5363,2.4361
0fb8ee34-b7c8-4ea6-987a-b69c00baa53a,4.8486,1.5963,1.4491
341e11ea-c1b6-4d66-999c-76ebb9c8b342,1.7757,0.5071,0.5894
08814ce5-fdf0-4f06-aabd-bf7b2738cf43,0.6947,0.2704,0.3422
e869b178-9abe-44ca-ae6b-a6caae1834fb,11.9882,3.3188,3.2955
22c90647-bf63-49e1-972a-0ff9000b674b,2.2946,0.7495,0.8376
05e15869-61fd-420f-b0e4-a2faaa814aca,3.216,0.8406,0.7804
90950125-1b6b-499d-97e2-5d6b78b3e6fe,5.5362,1.7846,1.6485
e619e3c8-f6eb-4b0a-bf17-005ccbe269bb,6.3974,1.6908,1.8891
97a50d88-e662-43d5-9cef-2915545e8968,3.9476,1.0971,1.0105
a091a049-ebb1-465c-bf2e-b2abd72e4901,2.3183,3.1466,3.133
671bc03b-e3a8-45f6-88e4-ce138c716886,2.9016,0.8599,0.7956
96cd848e-50fc-4244-beec-8d18b1703fff,9.4114,2.576,2.6096
ba6e6579-8858-467a-9d0b-b8df38cd5d62,0.4053,0.2791,0.5585
c36f7911-13d2-4230-a5f5-e9c562d763bc,1.0379,0.4286,0.4398
b58811d7-8ee0-4b65-a892-17319cc9ecaf,1.7431,0.4684,0.4763
458ad47a-9fbc-4508-8ff5-5a8e5c71ae6a,3.7408,1.2544,1.3042
9899646e-d5be-4429-a7f2-0251bed9721d,2.7742,1.1578,1.036
ca9d1ab5-ea78-46f4-9225-8147639d013c,3.1871,0.924,0.9193
99f6995f-acee-4d0d-889f-91b0631d15fe,1.9211,0.5721,0.5686
3334577a-8045-4613-9a1b-e79fd62d5d6d,6.0055,1.7971,1.7094
74179e5e-2d3c-417e-8844-6740ea9fb2e5,2.424,0.6382,0.671
616b6b60-8c4a-4d85-9a24-f47df6ad497e,9.3384,2.5698,2.457
40a4fc74-f345-4940-be5c-249013782e4f,3.8914,0.9927,0.9384
d769bce5-c92f-472f-8bb8-4bf4593e29d7,0.8566,0.283,0.3119
dadd1789-354a-4abb-8d4e-8556166cf341,4.8031,1.392,1.3398
92b7faad-a817-4464-a074-9b64bf25fad5,1.347,0.4697,0.4586
32c15b29-da14-4eb5-8c86-39efc94319df,2.6611,0.9118,0.8871
548b1967-fca4-4238-8d59-ae5405122c90,11.083,2.6468,2.5079
62ca3ce8-77f9-4e02-ace4-af79519b53fd,3.5847,1.0588,1.0697
465928c5-ab56-46ff-acb5-76e36c97ebda,9.0123,2.3046,2.2278
5cbf0ea7-4f5e-4dd7-a93e-8eb12a22d4e6,2.3714,0.8539,0.8943
840ce2d8-5bf8-4a2c-9739-e7dff5d7cb21,1.0294,0.3153,0.2918
4152a167-7b5f-4415-81f8-b22732cc6ef7,4.316,1.1789,1.1584
9935bf3a-de25-401c-bf1b-5225a62b24f7,2.6468,1.0494,1.1825
fefb685b-91fc-4837-b612-73be3c4d941e,0.9559,0.3874,0.4412
f18a5a92-2b2e-4834-8610-df98760db5aa,1.9294,0.6049,0.5594
9c2ed2bb-8ee1-441e-9f3b-ffbb4def2673,2.4375,0.626,0.679
7d736f2b-b73e-4fc1-8d3f-9f350f88171a,3.543,1.126,1.0533
273bc6c8-f5a9-44df-a707-5274fcba8362,3.1172,0.7968,0.8258
3fd9c506-ed43-45db-bff4-6e968ac19564,8.0628,2.1989,2.2082
0b0b23c2-dac8-45cf-ba91-913776b00a33,3.3521,0.9754,0.9313
4b9da1a6-923c-4bc8-922a-620ac43e6f9b,1.4445,0.5196,0.5697
d820ac02-a30e-437b-b20a-3e92705b7b81,2.841,1.0015,1.1267
bb7098ae-862b-488c-b67e-01ed682ec783,2.2139,0.5884,0.5577
d33cdca5-78ec-4d34-be08-51efd97e8bfb,10.771,4.206,4.9075
144d0f39-feff-4dcd-a07d-abcc400e901f,2.3579,0.7219,0.7488
04026251-0cf6-4889-83b4-8a46881470b5,3.0913,0.9884,0.9934
7eb5f037-355b-4a38-b22b-a5e1f41ff1e9,2.2459,0.7031,0.6882
2e41a573-7a9d-4f96-873f-48aa12b3ab96,1.8813,0.6226,0.6615
75f8fbbb-2015-47cb-94f1-eb88cdfaeae6,5.436,1.6414,1.4796
b161c26d-64b1-4e03-94da-4f9b9de25e88,3.8504,1.1171,1.131
61d00f8c-f198-4181-82bd-99b063dfffc6,5.2213,1.5421,1.4523
99d31369-3db2-4631-bc62-1aa6927476ad,5.5577,1.6248,1.5394
ff93cbad-7bdf-4e5d-81c7-95aacaa3bee9,1.2804,0.492,0.5278
87506e5d-4ebe-4f0c-a124-ea0add72d2ac,0.6777,0.2372,0.2901
3ffa2cdf-4a54-4362-a6cf-b0567ef69551,1.63,0.4718,0.4362
2b5864c9-7577-4e93-8d22-1f45a98267f1,0.8776,0.3318,0.376
5167da8c-2b1c-4139-a2c4-355e9f07d0be,5.7597,1.5575,1.6269
49e0a55e-cd18-438c-890a-f14c6d149743,1.982,0.641,0.7183
41bdc474-8e6e-4f39-98ec-6d73ee41837c,2.9607,1.039,1.0912
7b3d0a19-0cbc-4e8a-be16-76693e100e4c,2.9992,0.7301,0.6856
30a67cbd-940c-40c4-9f86-a8ba9fe63177,1.3807,0.4389,0.4467
0c087071-89ba-4fc8-ab47-c4f1c60fa24c,4.2886,1.8518,1.9112
e90c1051-744f-46e5-bcec-f95d34f59e0a,4.7012,1.9211,1.9286
470b6305-67ca-487c-b9b1-9b74f673f9fd,3.6709,0.9438,0.855
e1ef10f3-a1e2-4391-bfec-ac6b0231ae5d,2.7397,0.8053,0.7591
f7efa9c4-e7e2-406a-98e5-596f787c810e,4.2126,1.321,1.4072
3ee530ee-274d-44de-9793-a75433ddf938,0.9187,0.4352,0.5979
c2e73efe-8112-48fc-9dbd-29b4b5b89ad0,3.3273,0.8296,0.8585
42ed2e82-e41d-4e2e-8bf3-8dfc324b040f,11.4337,3.1606,3.2069
f2dda955-5a39-43c1-93a2-83953b2b91d1,3.1564,1.0479,1.0377
a1ba2be6-2ba6-4be5-9cc8-6db7950601c9,2.1796,0.5458,0.5342
c50adee7-f053-484e-8a2f-f66c94a14fd3,1.7029,0.4548,0.4354
89424841-6b5a-4f5f-b5c2-209630c6f597,1.3481,0.3807,0.3918
f72da140-1607-4609-a6bf-ebe538667a8c,5.0735,1.4181,1.3339
45312cc1-6a70-441f-9711-85dcc224bb98,1.6175,0.4341,0.3855
aae57dd0-eae8-48b0-855f-2cd17c9f524d,5.6835,1.6787,1.6641
f9683515-b944-4c7b-b41d-ea105bd37a5a,5.9226,1.6794,1.5127
56cb5294-9156-4930-a3ab-c2607a79b65e,3.6058,0.9421,1.011
18cbd510-bce2-4370-a00f-939d562ba7de,1.3964,0.343,0.3363
507de54a-b4a5-4778-99fc-2f4f45c6daa0,7.3301,1.9917,2.0442
fd2f42a3-d79c-466b-98c2-5f4d0a4a64e9,3.6715,0.9175,0.8439
de57eef8-932d-4e4f-a67d-835a87d72116,1.4622,0.4865,0.5391
75d91076-9d8a-415e-9ee6-00b877e55874,2.9382,0.7559,0.7517
d76cd13a-0481-442a-bfe6-ad322fc3851a,11.2903,2.9204,2.6659
43c4bdc2-b3fc-4fb0-9f11-f45394c4256b,6.9214,1.7205,1.7012
ae4a5866-347f-4850-b4c8-a009d0765021,1.8317,0.5635,0.6106
e55a506c-870f-4011-adfc-37eccbf5f17e,3.546,1.1667,1.2172
b72689a1-2c14-49db-b489-f1627353a024,6.1723,2.0115,1.9713
ed1fa4ae-5e58-465c-b106-379f7456656e,3.5566,0.9661,0.9818
a90d3b2d-38f9-455c-88cd-73d5b3729491,0.6336,0.1758,0.2027
c63a27ff-1844-4b4f-9bc7-ac4d00dc0de8,8.3844,2.5072,2.4085
5383a729-554e-4d3e-ba62-449f45b7567d,3.9213,1.2367,1.2437
6e79eeb3-9eae-45f4-92a5-fba71c154c1a,9.0771,2.3974,2.6627
9634f770-bc93-4dfa-949c-98a6da30a102,2.3928,0.7694,0.8217
ed9b3b6b-c2c2-41a2-ac61-dd2cfbb321ba,4.3108,1.2153,1.214
e22c6b51-c27e-468f-883c-f71918330eb0,3.2788,0.9049,0.8238
31bdedf8-eb1c-48ae-8d96-e06c2b3f27d2,5.2179,1.3902,1.2386
ae8996bd-b0b7-4f9b-91fa-606f95d49f8c,1.8815,0.5655,0.6008
62e41b20-5f83-43c2-9887-809e97794f04,2.6223,0.8707,0.8751
44df0b54-867f-4aef-8769-5d3fa8887b94,1.5639,0.4041,0.384
eb44c266-8b8f-4012-ad67-f4ac40698391,1.4282,0.4108,0.4036
1babcd23-5abc-4f27-b367-a093590e9f6d,4.1418,1.2421,1.1914
9440b088-b04e-4417-9543-5001b0a2b217,22.6193,5.6033,5.5911
698e64da-61aa-4d7b-9f33-21d627cb4721,3.397,0.9513,0.8938
0f9b8032-b21a-4480-8434-d174760a7ddd,1.5687,0.5254,0.5264
10376443-40df-451a-91e5-6be34850558c,4.526,1.3839,1.3419
c763a483-415e-4cb4-9cdf-4e6c31e8a9c9,4.7255,1.1766,1.155
f4847715-a3e0-49a4-bcc9-95175d0be463,1.0464,0.4791,0.577
d0d2b8fc-6915-49fe-ae4a-f80e2d090cf5,2.2858,0.6952,0.6457
65b4f81a-4439-4d82-ae25-68d63309b053,4.3148,1.3151,1.1961
e3142cf7-334f-4f34-a5da-53ffa4e1ba33,2.1413,0.6194,0.6042
6f72a3df-b4db-4f04-aa1f-644dca35d3ab,0.2164,0.0721,0.0732
e49fbda2-881a-43c1-9c16-0b07fdd281a7,16.4928,5.0729,4.5302
73729b89-4802-4780-9e7f-cb160a04bb17,0.9484,0.3955,0.5337
99df3cc9-683b-449b-bcf4-94bbff09c90e,8.6153,2.0757,1.8655
d12c28eb-32c5-4523-af42-9ad130014a40,3.1946,0.8324,0.8526
c568f4a0-601e-4b45-b69e-cde40d94bb3d,3.7852,0.977,0.924
c33ecc28-d5ba-4416-b93d-445b7883b6e8,1.4676,0.44,0.5195
5842a066-d158-474e-a4db-034f5797d865,1.6518,0.5386,0.5815
71c9a6fc-0538-4533-af51-f7c9defe7770,5.4124,1.4541,1.4595
b02ec16a-9dff-4b98-9960-73175454082a,3.8787,1.7912,1.7897
46cdbe65-5610-4903-9452-518fd6d5787d,5.6214,1.8769,1.7633
650319bc-20e1-4451-bcb5-a35c360060ef,0.8285,0.2279,0.228
d9666e09-51bb-49a4-b289-0e6b69636858,2.8393,0.7041,0.7613
b36c0e8b-a9b1-46ac-8946-88e64a28ff5a,2.1994,0.5799,0.5592
9ba7cd75-a96c-4220-9f57-c9f0fb545a95,3.0116,0.8907,0.8796
d0ee5ff7-a49a-4633-93a6-40c9e29fb0b7,10.8607,3.0318,3.3346
00a26384-1b1c-4db4-9664-75fb9b3febdb,2.4191,0.6218,0.5505
4e3fbf45-1a73-437b-8d85-29aa0c8ac6b0,1.2854,0.3437,0.3107
ad01e71e-ed1f-4de6-81b5-8ef60f7a38d0,2.386,0.6167,0.6464
ac175796-57dc-4de1-b6a2-eb71416e4c47,2.9386,0.9063,0.9253
1b392450-2b27-4dce-9205-7de33a64ba42,9.8742,7.2089,7.8062
f9a27067-7485-4c9f-986b-878aa6cd132c,3.6273,0.941,0.8874
e1edc70f-0307-4283-9efc-77feb465c9df,1.3014,0.3477,0.3284
f3d3848c-9ff7-4e84-a35c-f6b6e3a57605,3.2173,0.8621,0.8815
ee27259c-1aa7-4f5a-a4e6-0b49be4ad051,2.6818,0.8364,0.7917
774f5688-bad0-4a78-b26a-7aceb353e603,2.3358,0.6625,0.6711
bb10d315-6038-4513-aa41-d50f20295997,1.7969,0.5732,0.6837
a2a798c5-3b1e-4192-8c6a-8c627cd0879e,3.1254,0.7884,0.742
1406cfa1-39b8-4ab6-a960-ed6f38bc0f0d,2.8203,0.9143,0.8709
0e8857f9-6f8b-46c5-a019-9c69bdc50525,5.6784,1.4719,1.41
ecdac97e-eec5-4753-a572-8aff707178e5,2.2072,0.6731,0.7581
49ec7f30-d687-4124-a3aa-17bffb48ce26,16.7075,5.0497,5.1777
b6df0d7c-1c41-4b7d-8685-ce6fba4e7ab3,1.1622,0.3805,0.4638
5d96c14c-7c43-40a1-ba9a-b482a0ad00ee,2.0309,0.5632,0.544
02423743-43b4-494b-acd9-1cd3bcd3d395,6.2831,1.6335,1.7026
81395cc8-c7d5-4ea7-957a-b5cb8d6bfd1a,1.391,0.3981,0.4248
9079bad4-9d01-4eb9-999d-35ad734be2e8,10.8314,3.427,3.1569
8411b896-9d24-47d3-8a28-1c9cd6313939,1.8435,0.8,0.9369
3d31d7a9-76b8-41f4-a037-0dfe6a4ecb0c,2.1244,0.6071,0.5833
42b32308-71f1-4f21-935f-7e4e5751e332,10.3374,2.5722,2.5372
aa3d8e3d-68cb-47dc-80c0-d50917cb4878,2.5823,0.6881,0.6115
063a4886-ee4d-43a9-95c1-25a0c0b2d85d,1.8564,0.4903,0.4622
287f70d5-cb97-459f-963b-68408f92c0f3,3.5324,1.6124,1.5422
5a1c17e7-53a2-472a-b4de-8f60522a8c6e,4.0356,1.0365,0.9829
49563aad-aeb3-4a9b-8849-a60c119cbaa4,2.9455,0.9908,1.1058
7d30a479-6d2f-431e-b15c-26736994b2f5,4.7205,1.3516,1.3608
e8909d26-a289-4dc7-a819-5883c621efac,6.1604,1.5716,1.3745
10ce58cf-c9ee-4be2-899d-4c20c788effc,0.5898,0.1816,0.1807
824f5b0a-44d4-4ccf-9277-1ef752462bb3,2.8599,0.8843,0.8849
d1f1743c-5fd9-4ae8-90c2-8c3e2d475d1b,1.4282,0.6457,0.69
cf3fe851-479f-4d22-9daf-99b163d0ed06,0.939,0.3714,0.4356
a5ecc76e-a696-4e90-8bb4-7a9965e2f8a8,2.0571,0.6738,0.7192
9d025af7-ba40-4329-9308-d039aaad900b,4.6203,1.2358,1.0996
723ed50c-2c78-4a3a-9f6e-9f9e8e264f6b,2.2556,0.6261,0.6304
4a88d54f-c88c-4ffd-84c9-069b53f2cb28,1.7057,0.4692,0.449
45472a71-92d9-4492-9647-f1e8adb9cdea,1.7613,0.5054,0.529
be880db8-920f-4bd8-9f67-34e3ddd61f2c,4.5094,1.2006,1.1811
4b42e241-a674-4d6c-b217-dcea51e6cc4f,2.072,0.6499,0.6703
f337af94-788c-4de9-ab62-8627dc88695d,0.4389,0.1365,0.1466
bdba14fb-88aa-43b0-8c25-53948b9935b7,3.5438,1.1386,1.1489
be813beb-9b35-4063-9d61-9f49a7fd7706,3.7678,1.0049,0.9914
689ba70a-9664-459e-aee5-fd16b3b993a8,6.3804,1.6517,1.6011
36bbebb5-ba1e-4ac6-83b2-67ccd05e4939,1.6933,0.4398,0.4305
a3595c7e-948b-4d93-a623-477d7af84e15,9.3982,2.9539,2.7996
7abc395f-72e4-4835-8aef-aaca2f8a34b0,0.5376,0.2373,0.2689
61325789-0b1e-473d-8b71-5ec13ec1dcb7,5.7838,1.5219,1.5114
a0baf653-6f10-46fe-959c-54268fbc670e,1.7022,0.4374,0.4073
db5f53f3-6438-4f23-9683-ee16244d98b9,2.6507,0.7375,0.7024
fd71e0e9-e77a-465b-b118-b1f9665d5797,1.399,0.4233,0.4108
668e1e67-cc4f-40fd-b921-23aec5078635,2.3414,0.6406,0.6207
bb0cccb7-712e-43ad-a3be-cd928a159e0d,12.0785,3.2029,2.9141
77e4a7c3-f2cd-4b5e-8c18-bfa3ce91cf56,1.5739,0.5849,0.5995
a4455185-5506-4392-bd54-5f9cda2274d2,9.5847,2.7097,2.7261
b5e84055-487f-467a-9bc4-bd59ec82f183,3.6856,0.9296,0.8021
52df14ea-5feb-481a-855e-0a6176744a73,5.0072,1.2665,1.3777
c861f2ac-61fd-45cc-9e14-f775f9eed494,2.5174,0.7002,0.7072
866770c0-c4f1-4ed3-aa96-7ff4f7328323,2.3219,0.6561,0.62
6542e1dd-afee-40e9-a16e-aa9a448963b3,4.1934,1.1934,1.2392
87568e73-7eac-4243-9d74-03efb86b6f29,1.1792,0.4609,0.5393
a02fb212-a6cc-40b2-9d31-481fc1ce0911,4.3459,1.0725,1.0382
df6189e5-bd61-4be2-9d31-efef56cb4739,7.0389,1.7439,1.6312
511ced4c-a861-4f26-9e29-afcf8d603fab,6.9903,1.883,1.9156
79f139fe-fecb-4b0e-b668-3407c13748d8,1.2215,0.3611,0.3711
7e48e080-0ec9-4589-ba1d-6f7a1f60a010,3.3954,1.3068,1.3475
9e94e2ce-f6a9-4358-b96e-266207b9ce34,7.3793,2.0272,1.88
6a8e570e-dd05-4c06-9ed0-52ba0727faec,1.1986,0.4247,0.4647
01661d94-fc16-4456-95cf-a5fa4e1e196c,6.8278,1.9728,2.1627
fe00aecb-7b06-4e76-b999-99ee41ad20ea,1.4865,0.4119,0.3936
839aaefe-1755-4131-9b89-2610481a13c4,1.3782,0.3865,0.4064
f77281dc-f8c5-4da7-b151-873b03e986ad,3.0349,0.8289,0.7757
0b59b278-d2f6-4aa6-bf6d-b8d743ae83af,2.2386,0.71,0.758
021d9e06-9d27-400c-8776-08e89c817b46,1.2061,0.4731,0.5651
de01516e-43f0-4f96-8ac6-ab543a314829,11.2113,3.4942,3.1853
40a31ab3-71fa-4f7b-a3b1-22e15ff0f358,1.4837,0.42,0.44
9053485e-19f7-4d2b-b4b6-361d908cc708,3.6171,0.8801,0.8418
b25117ce-5a14-4b43-bbfe-513b957464d0,2.7533,0.7956,0.7835
ba00c48c-c33e-4dab-beb6-0575ee076dfd,4.5969,1.2727,1.2872
bf67d13e-231c-4cb7-8381-fb19c4fe90ed,2.999,0.8447,0.7386
c5d73777-b7f3-4107-9efc-afde92f70469,1.5973,0.4954,0.4958
7db191ab-6106-4e39-a45e-8a68aaba0922,1.2462,0.3901,0.3975
8923da54-2f7c-4315-9fc2-a1d6502df55b,2.6283,0.6399,0.6154
8d2f240f-43c3-4e0d-a6cc-79f6b174dace,5.1998,1.397,1.4036
2d4c2aed-34ae-4232-9b42-29b1a821f791,1.5564,0.5723,0.5845
b7c49a13-6b0f-411a-940e-b35c17818aaa,3.4895,0.9913,0.998
acda1855-14ba-4e05-89f7-50f7823f38b3,2.537,0.7462,0.7642
535047b2-35b4-4e31-8761-f38cf1f57441,4.2281,1.6711,1.6057
3b1b46e1-f475-46f0-af79-0b9296164be3,4.2895,1.2622,1.2508
05b55f88-290a-4abd-bbc3-44561ba1f8b7,1.8693,0.5072,0.4747
5e50611e-9e98-480c-bc47-28070e9edeea,0.9682,0.3869,0.5412
93f8d395-2512-41fc-992e-236b706dd281,2.3232,0.6761,0.6669
d8d139e8-6e6f-4771-b624-69518f847b85,4.7019,1.3348,1.4179
9fb65d01-d51d-4cbb-99f3-a09f5d6c206b,3.133,0.8113,0.9277
2b9e2225-fb4d-4bc5-8c9a-58cd993627f9,4.134,1.2434,1.22
27f20469-cbf5-417f-922a-19cf9e8b790c,2.9527,1.1161,1.1
e97a2bf2-c5bd-4dbf-9940-450a8a99e9df,0.9825,0.3484,0.3437
a0707dab-b8bd-4a57-a890-69a3f4daacf6,4.571,1.6359,1.8373
697cb422-6fda-499a-b808-9ca2357b9b51,4.9381,1.414,1.5176
d1f7678a-8106-46c9-95b7-5ec5d940f08c,2.6016,0.8465,0.9969
db998871-01ff-4a39-ba06-fe3fb1183584,5.0927,1.2525,1.2255
586df577-513d-4d43-ac47-89c52f322d30,3.9586,1.0915,1.1222
5c0aa745-6bad-4f9c-901b-5f0a0277b12d,1.6687,0.4888,0.4504
75668632-f0c7-495b-ba34-cd4b00aa9450,3.3814,0.8904,0.8669
f4bbad06-fb0c-4064-8a05-18b30a16207a,2.7725,0.7549,0.7625
f58dd06b-ab52-42e5-8603-cde9c4eb7fed,1.2953,0.3676,0.3626
28f1b708-bd3c-4ae7-935f-3282f75304a7,2.025,0.5814,0.5779
eed349c6-a5ed-4543-ae8d-67b394b26c7a,6.2616,1.5398,1.6045
91d22570-2889-46c5-9efe-5c40a4f84e5b,1.3937,0.4997,0.5996
1d18e4b7-83a5-4c40-94ef-f77c1ba2fdbb,4.4397,1.4541,1.4493
ea16db3d-eb2a-44b3-bf22-258e583dbcf4,3.2831,0.9799,1.0174
5d5bb9d2-2244-4673-99db-653609cf5de2,8.9434,2.5545,2.6667
08ccd8d6-3e9d-4ece-a421-98acaf272569,0.7029,0.2245,0.2385
0d6fbefe-4e21-4762-a476-9c899d4a94b7,2.8377,0.734,0.7664
fc5b682e-c00d-4840-8c11-f17abe059fa8,0.6063,0.1659,0.1666
7289e7d5-65af-4d53-a4de-2691991d90d6,2.0816,0.5806,0.59
f3f0919f-f9eb-4baf-aeef-c79fbafef237,2.224,0.57,0.5504
4ab26a32-f816-4aee-9130-12a0b3604db0,2.732,0.855,0.7937
d826d551-cb0f-4d0e-b21d-a7b0c9010a62,5.0314,1.827,2.1039
bce4dcd7-d9e8-408a-8ab0-f993f9297a68,0.5633,0.2261,0.2831
2bbbdb50-4486-473c-a158-6b1656bdb242,5.2663,1.39,1.5326
32fdc0ce-d263-4622-8f8c-3df009bf2535,5.9217,1.4684,1.6177
619785ac-0041-4b26-a887-d8ca021eaab1,1.8053,0.5109,0.5096
9692b4cc-6c7f-4f88-8854-769568f088ae,1.3102,0.4143,0.469
92e7a9c0-ea88-419e-9afa-e7db5c8967b5,2.3333,0.601,0.5954
1d65448f-dcba-432b-98d5-f7e87de4f9f6,1.5325,0.4212,0.3948
1ec0a33c-5b2e-4078-8226-48026f7d5c82,5.1662,1.3822,1.4621
5b875575-24fd-40c1-910c-38775c73004e,2.4266,0.829,0.7964
5ee2f830-f808-4e6c-89c1-6c90859958e1,3.9282,1.587,1.7661
3cd924c3-5000-49de-a253-92d1cfa9a09a,8.8635,2.3714,2.35
af83a9af-a11f-4c29-a61f-8f0d2b5868c1,1.5429,0.4292,0.4197
692ea666-b4ac-4e92-b712-96a67edaef56,3.0979,0.8857,0.8521
f7df28a8-81d0-434a-bfcf-0ffff4ac9ede,1.691,0.6036,0.6747
ea030b7d-26eb-4f0e-b7b9-c6b165061118,1.4041,0.4257,0.4748
ed178c34-0b29-4f65-bdf5-a39969111ca8,2.1473,0.5863,0.655
2f21d781-2df5-4de1-a595-a61507cfe610,2.9477,0.7003,0.6421
7b7c91b5-0358-4d09-af89-26a791d7a23a,4.1422,1.1724,1.1157
078420d8-5079-4a98-81d7-3a4b84e9d0ad,3.0487,2.1705,2.24
8b5be676-9118-4038-9d54-6b80b14e43dc,5.5003,1.4348,1.4493
8d3d544f-6d1a-4cdc-8091-490311487ebd,7.0618,1.9004,1.8298
674907a1-381a-4952-924a-52e2adf5ad19,2.5127,0.6711,0.6331
57730033-1db5-4e48-81ff-b6ee4f3c0ab4,3.5448,1.0872,1.0861
1924888b-3b46-4079-a403-d758975a37bd,4.6717,1.1294,1.0314
daff3e2d-69ea-4c1d-bbad-8f6cca9bdc1f,2.0029,0.8049,0.911
825c4fa0-4d98-402e-9c1b-9ee0a1a6ce15,2.0561,0.5387,0.5165
3719879b-e7b9-42b4-974c-f69735086cad,1.5288,0.4538,0.4205
96a45a70-d4b5-4090-b603-73b7379679d6,1.3675,0.3548,0.318
bd35c087-9a96-4f86-99f2-1a2a8936471a,2.2073,0.6076,0.627
f9506da9-20a3-4124-a614-eb525787ea45,2.0009,0.6496,0.6804
88d14d8e-cbbe-4157-b3ae-f1ddcb5e9551,2.9923,0.9339,0.9485
ba295155-272e-43eb-9d6a-e4c9c392e68b,5.5244,1.3319,1.2805
3cf6f0ec-e11f-4a59-8d86-3e0bbc01f8e9,1.4874,0.6391,0.6694
7d787768-efb1-462d-b5aa-5cbf6fc543d4,5.8186,3.5704,3.049
c23d56d0-f27a-48db-b10a-f572b50ef245,0.4212,0.1435,0.1438
cb024f71-c708-498b-9196-2fe57acf3771,1.5833,0.5299,0.5583
89f7da93-c1fd-410b-8479-64ad9bed850e,5.1282,1.3466,1.3666
cfbfbac5-7f44-4537-9a1c-088075a936e6,1.5493,0.3889,0.3923
0394cdb2-85e8-4cea-b572-4cb4ed779774,1.8972,0.4736,0.452
d681e327-7e74-4f6a-811f-e006470e568f,2.5098,0.9197,1.0659
80afd34a-fc20-46be-85c5-088951628194,3.9651,0.9844,0.9482
3daf8160-42c5-41bf-b251-77fce23a4aab,2.9852,0.7743,0.7579
31c69703-e318-4e31-aae8-c6cfabe61bc3,4.2365,1.8301,1.6942
d1adf0be-5afe-4df7-8f88-dbf7521bcdac,6.4372,1.6291,1.5383
df45fb41-4511-4dab-b865-fcdfcda0400a,6.0387,1.7883,1.8243
d61a8ec1-aa99-41c3-8633-018cdb0ccb1a,5.1415,1.3995,1.3489
28b12d43-f858-458b-9305-6581a9498e59,1.024,0.5532,0.6495
8668654e-c441-4279-80e3-345787c28922,0.8553,0.3308,0.3741
3f4afc9c-562a-4ef4-a6cb-ff426357a614,1.0288,0.4009,0.4468
69d12077-db51-4a74-a090-9b26e0368ee8,11.9379,3.2064,3.0125
f084874a-f9a8-4858-a858-d9b80871755b,4.3877,1.5728,1.5382
f1600b0c-f3ac-4c19-8c43-6af450abb6a3,7.3628,1.9581,1.8021
2973fc8f-d20c-4cf3-b183-2ac32df73ae7,2.3127,0.9505,1.122
6733afa1-b0b8-440e-b54c-98e5fdec854c,2.8812,0.9028,0.8414
fead73ce-2e66-4647-8b6c-b8bbdaaf30fe,3.9251,0.9721,1.0424
a7b067c9-a62a-4d3d-8c4e-668830f7441f,7.071,1.9164,1.8839
4ba90a73-b2e0-415b-9cd2-fad805840aff,3.5404,1.227,1.1569
9e785594-f00c-4805-8901-66c73fe2588d,3.3922,1.1076,1.0688
13d6ae6d-1662-4e0a-a10b-a733efc216b2,2.4139,0.6526,0.6364
ce9d6d3a-9ab8-4586-a587-3d4bf00445a5,1.8207,0.519,0.5094
990f1383-2ef6-426a-a650-e182010a8281,3.6835,0.9219,0.9253
8087339c-4fdc-42e4-94ff-299a59ae88a3,1.347,0.3303,0.3284
afd15ee9-ef38-4d14-b1c1-7f4267fe6a04,2.3918,0.7292,0.7082
65ba302c-51a9-4493-8d28-e7bc076bca54,0.9005,0.3474,0.4025
706fb35c-d467-4f93-b5ea-0cd841533655,4.4807,1.2003,1.2675
51538db5-edf3-40bc-ae5e-dc9b552e8b53,5.7439,1.4476,1.3696
1dd10557-4e50-4af0-87c6-b4b3f6fa3a15,2.9926,0.8593,0.8968
5042d093-d8af-492a-8c40-5aaea17d66e6,1.4721,0.3784,0.3649
e5bcd6f9-680e-4d57-81f3-c8e6b40bb2af,6.2237,2.1192,1.9319
4fb42c7e-2a7e-4641-ae7c-e92fd9c2be11,2.2947,0.701,0.6834
767425eb-9fa2-45bc-a3ad-ca8dbafd373f,7.4854,2.2061,2.3645
488d0d81-4872-4204-b8e8-745e64a35d65,5.614,1.3923,1.2961
b3ea108e-0ab7-4340-9da9-b7a8bc3b942c,3.9851,1.0103,0.9516
db360c44-bf72-41f4-8ca4-01c9973fce95,1.6664,0.5369,0.5627
ea43014e-5b51-4b3c-b16b-6d58df9f4a1d,4.8203,1.3161,1.3234
09c3168a-9886-4095-a5ef-8bdcd0988dea,1.0536,0.3283,0.3206
1bd6dff8-ad21-4a45-b496-2d52ba995e5e,1.2941,0.363,0.3266
19afe60a-30a2-45f6-b4fb-de935154027c,2.1905,0.6833,0.711
39eaa466-f50c-402e-b127-b6b016d0480d,6.458,2.1202,2.0939
cae39998-47d3-4a80-8acb-67d3a9518306,3.7553,1.4168,1.4138
db01aba1-3a00-4bf9-9f24-8fba144144f3,7.6338,1.9558,1.7939
ff0feb3e-6d14-4297-ac23-1eb397663ec3,0.6436,0.2272,0.2306
358a0311-c6aa-456d-a52b-6b6b08b0a863,7.9239,2.2162,2.2555
dc3a76a7-bac2-43c0-90e2-e251e459c659,2.4433,0.6811,0.8506
bf858293-b533-4a73-ac9b-568109ba05d4,1.5045,0.4741,0.4729
e06580e9-0b4a-48f7-9522-d54229aefb2d,5.778,1.4643,1.4222
f0024165-4df2-454e-a0cb-17720455c0c9,2.8616,0.8613,0.812
3b509602-c9b3-4dba-86a4-13e2a3857bb4,4.9703,1.4945,1.5358
cd23ba96-cc18-428d-ae3d-67a7a2dd3c91,7.0679,2.4701,2.601
4331397f-eaf9-4e43-8fa2-e30ad3643aca,5.3178,1.3143,1.405
29ce926f-d72e-4064-8a7f-359d86cb9d11,2.8852,0.9483,0.9524
2645561c-8313-4196-b321-b4a83879df88,4.3812,1.4894,1.5255
c2fe2d79-efb1-4e4d-a297-bd6b15703d10,2.1321,0.6442,0.5768
35120b68-e618-46a1-9641-1e635f633372,5.1795,1.242,1.1998
5cf049e5-d45c-4601-8f67-1fdc0b1918a9,1.643,0.5441,0.6259
dbb3747a-aafe-421c-bb21-84a0b82c6a75,2.4155,0.6459,0.64
22c2b380-799e-4fad-ae38-46a916c592d5,3.383,0.9298,0.8284
a12e5c24-f0ea-4770-9888-20e1c562e436,1.6151,0.843,0.8626
4066800d-0b9e-4263-ba24-cab271630e41,2.1563,0.5743,0.5725
f04a6a90-d4d9-4b17-afaa-f97044ff4b6a,4.9476,1.1831,1.0966
0b36289c-6835-414d-9f86-4cc4a812af87,8.0776,2.142,2.0232
eb688a21-10b9-43c3-88d3-2e9a8d30b42b,1.0494,0.3355,0.3235
24eddfec-08a0-48fa-bef3-a4b9bd740170,1.3439,0.3688,0.3637
0bceb3fb-af69-4427-8ce1-767da4b31c37,3.2327,0.9134,0.9139
cfe1c805-2211-419c-bf9a-e0c8b5020dce,1.7871,0.5183,0.6835
36998e69-e955-49da-b859-2092caff19cb,2.1096,0.6517,0.6982
dbc4f72a-3937-4092-92b8-d52c6b0c3340,2.4857,0.6235,0.6196
8bfd50fb-d6d8-44cd-a492-1e0a983e40b6,1.8546,0.6485,0.6145
550812e9-ad67-4ae6-900e-572a051208a4,3.4181,0.908,0.8697
42cc31fb-3bc2-4d21-b821-2d05aca800e7,0.6293,0.2086,0.2255
d636f6ce-e820-4e8a-969f-c3ac2d46b191,1.06,0.298,0.3084
1a2bc49d-edc6-4b84-88f0-73b6ed250d1b,3.7759,1.2226,1.1709
3bbc2702-3fa1-455a-9c68-bf082850d9be,3.0221,0.863,0.8541
7880b3ba-9f39-4744-be72-b87dbd8eb425,4.8747,1.6688,1.7678
33debcbe-cd9a-422d-8214-68606f68ac5a,3.5247,0.9995,1.0245
fb1c09a7-660e-4585-85b8-5acc456563cf,4.509,1.3993,1.2147
2dd0b954-db3e-402d-9c06-6160e199dedb,3.5355,1.0609,1.0861
95e77e5a-9963-4d65-935d-893a5dbe702e,3.3202,0.9927,1.0227
52ff2501-c6d1-4469-a2b7-c458d98cfc8e,1.1324,0.3011,0.3289
62aa3903-4f3b-4693-b5e5-fc5abce184de,1.53,0.375,0.3685
95bb2613-9194-434c-801b-fd18aa183f6a,1.7924,0.4296,0.5271
d27304e0-1b0b-4fc3-8e0d-af2c305d30f8,8.0733,2.6721,2.453
8cf6a0f3-9dfb-41f5-b855-c313c583e707,1.8315,0.4703,0.4978
1516c4ec-98c0-41dc-9ad1-86cc05305fc1,1.8968,0.4695,0.428
58b399a0-3070-44aa-9a40-f0e2c0fea0fc,0.2085,0.0611,0.0621
948f1e9e-702b-4f42-a766-fb6b4976b14d,3.6774,1.1987,1.2479
1467bc96-cad8-4011-962e-d43e6c725f63,7.6798,1.8704,1.7822
a8e0466b-d106-44b7-b846-c4fb666715f5,4.2942,1.218,1.129
94e93460-c9fc-48f9-a2de-3722231f54b6,2.5732,0.935,1.0015
17dfa221-f092-45ed-a2e4-5798ddfc0ce9,3.4972,1.1798,1.2559
63afc197-8c49-4150-a98b-61c47f182778,3.6478,1.0677,1.134
45f837c9-6b9e-4eed-ba56-9715b4a0356d,1.6652,0.4508,0.4399
20658f84-7e36-440f-9e88-08eab304813b,6.134,2.1058,1.9803
7733c059-09bd-40b4-9812-4bedd68d9d01,4.0185,1.3757,1.3335
9eb69ff7-492b-4ed3-8762-c25c3dffa1fe,3.2679,1.0512,1.0601
09f906ba-fa4b-487f-9631-fbd97d9db8f9,3.9883,1.1577,1.16
493a8b0a-11ea-4f37-8149-3825aaa04fe4,10.8579,3.0171,3.1939
ce76e826-0792-4dec-ace7-7efa3bb8db94,1.6353,0.5198,0.5394
ab3b04d0-d1fb-48f4-aae2-9ef96c9f5fb2,2.2509,0.6231,0.6619
7c3fbd41-7360-49e2-9c5e-9570dd24fcac,1.2797,0.4776,0.5048
7fa3f262-b786-4b89-b38f-505bff13c382,2.5769,0.7471,0.7626
4ac28e68-1f0c-4e95-bdb3-4afc7dcfc34c,3.6585,0.9764,0.8586
af58b506-df1d-4221-964d-76dbade6ab85,6.6194,1.9112,2.0038
aad82145-5742-4ef6-9de3-2c57e84642fc,0.4817,0.1777,0.1885
d0dc0f54-e23f-40fb-a0ac-56fbd55108f0,5.7779,1.4566,1.3541
9907c264-961c-46b4-94a8-bf7e234621d8,2.4447,0.6938,0.7253
92e64d91-88d8-4b1f-ab56-b593748b9f19,1.1436,0.3983,0.4467
82d0130a-9bea-443b-bf46-32fe0a2ce84c,2.6216,0.7612,0.7801
8c147a31-a1be-4464-9606-12b14fbdf8d3,1.8904,0.593,0.5973
1d468785-141d-40ca-acb1-d6d85a8c9d7b,4.8345,1.729,1.7103
ec2e3ab8-18a2-4d4e-b0dc-36411ce35357,6.6565,3.0181,2.963
d32c4662-2b0b-4f78-b031-e6ff5286664c,6.0679,1.4548,1.3131
0f3b932e-de72-483f-9ef6-74ae972637bd,7.1937,2.1305,2.1493
ad502a9c-1f1a-4118-a8f9-2cffb9b0c610,2.658,0.7713,0.8151
5dc7afc5-90d0-4286-a6f9-c2548f930e35,0.9372,0.2649,0.2778
9dffaff8-a482-4940-b53a-527e5a510740,3.4908,1.0445,1.064
c6151c87-ab96-49c3-a250-b56211cd20e5,0.6312,0.1947,0.1983
c469b31e-857a-4ac6-9a45-978c99391d9d,2.5082,0.8547,0.9149
c024ea4d-8f0e-4fba-b793-5d2e767744db,2.8436,0.8787,0.8845
b3d432d6-0b86-4407-98e2-99c1971283a8,3.6009,0.9847,0.9509
7fe106c5-4235-4930-83cd-84dc5250db89,1.5836,0.4448,0.4076
d29744c4-3aa3-44b2-83fb-0e74ba697cd9,6.1999,1.7018,1.636
ede34eaa-699a-496a-a3d3-8ef57ddbdb43,1.2337,0.3975,0.3652
70532e65-df18-4e1d-beaf-08fbf349bec0,2.7847,0.6806,0.6518
c456f144-7f26-4f58-b4f0-4d91ddfec18e,2.361,0.7588,0.7034
e4e983eb-2aa3-4858-b67f-9cc70452768c,7.1664,2.5824,2.4575
2429f1fd-8612-4944-a405-296a52daec57,0.3556,0.1811,0.2542
d78126ec-68b1-4d77-bf7a-19a47678a5fb,0.6168,0.2085,0.2475
a615ef14-a590-45b2-91c9-74a3cae19619,0.8283,0.275,0.2781
36e48370-2ecb-4d2c-91ab-7f7426647213,1.6432,0.4307,0.4327
a854c368-6e81-4ade-9ea9-afbee1c4c448,2.7442,0.7421,0.7272
c1f95e8e-aaaa-4090-8f64-c619aa543d1b,3.5964,1.1211,1.2997
5782ee15-ce76-43d2-ba6c-e84284f4a99f,2.8212,0.9243,0.8545
b4e60c29-6c4d-49b4-878e-b91e20e17dad,1.5598,0.4315,0.4271
99296d22-e605-49cd-b37f-a1b900be5d53,0.9629,0.3148,0.3638
0d9db3d9-8f0a-41f8-bf2b-5de447d676b8,2.4082,0.6958,0.6507
8f8c9d55-303c-4099-8038-458e3e96ad4e,1.7193,0.4651,0.4638
158ab1d9-8925-4a05-95da-b2e0ca297474,2.0638,0.6419,0.6157
68503654-dd77-48f1-abab-aca55258dca4,5.169,2.1908,2.2493
8c22f448-940a-46f4-a192-f389d1931f0a,2.6732,0.7393,0.6964
412b96f4-4463-49ab-aee6-78b3859e7b70,3.0531,0.7982,0.8813
05ea028e-6b8a-4352-88aa-057494cf5e80,2.0323,0.6673,0.7837
6cc59c3f-0de5-4232-ab7a-7195a92e7d89,5.4113,1.5255,1.5212
aa3cbc51-b74d-44b1-9043-cb2b9855a72b,1.2357,0.4294,0.453
ce362483-60b7-4654-b201-834c60e38690,3.6082,1.1614,1.2924
c6683fc6-49f4-4e53-94ac-251799c2c638,6.3078,1.8384,1.7025
42fe2b41-93aa-4738-988e-66239bef2ec7,2.8626,0.8581,0.9012
b85209a5-128a-4aff-83d4-1ab336d82b95,1.0304,0.302,0.3009
032e5aa7-8028-48ad-8fe4-6a5cc6aee5cb,0.3443,0.1136,0.1243
360280b4-a4eb-40f0-ac1a-35d6858f4aeb,1.0894,0.3495,0.3449
9ae5c03c-326d-4492-9cc3-4ba17beb09ad,4.7453,1.6273,1.6834
9f5a0552-a0a1-4aa7-a32d-7a1951889cdd,3.4793,1.0224,0.943
5e4626c1-dcf9-4781-a2e7-f6afca7e2ee7,8.2126,2.0765,1.9145
a191b96c-cc06-4a58-990b-57ee27335d5c,2.9191,0.7661,0.7166
8319b13e-475e-440f-855a-bdba3036db73,1.385,0.473,0.5788
98f3d2d7-edc4-40aa-b09a-63f8abd2b528,5.4033,2.0149,2.0747
6d1979a2-956e-42d3-a192-01d872e36d22,2.8115,0.7093,0.6248
677a334e-f2cb-455f-bf50-05e23cb2a7ec,5.9789,1.6332,1.4696
d078b2ae-790a-4220-98a0-18d311996ed5,1.7232,0.5873,0.6449
222dd9b5-4187-45b9-8cb1-fd16ba14425b,10.2494,3.1449,3.139
947967e5-9255-49e1-886b-3dd81909a9da,1.8594,0.4757,0.4319
5a277308-f1bc-47b3-a397-aeabe9db8dc6,1.5848,0.6051,0.6635
c07f871d-fea0-401a-b0c5-ec5685c311d7,2.1771,0.5895,0.528
4fc53009-8904-4336-852b-ee2aea40f5e2,1.5242,0.4247,0.4287
b2bcfd01-9662-4730-96de-1e51b4038802,2.9223,0.7838,0.7758
09cf8de3-bb0f-434d-8cb3-9f5eeb264b6b,4.9743,1.2407,1.1592
8229679f-179d-42b8-a9e7-7d733fe9969e,1.2341,0.3492,0.3646
1cc7480c-76e1-42d1-8593-49b356ef624e,7.1382,1.6761,1.6097
a5e348aa-d0fd-40fb-a171-b51a36e53612,0.9809,0.3433,0.365
7dc54973-bfae-4811-b947-f98a6ac24b25,1.7666,0.4816,0.4995
c0285709-159c-46dd-8bd8-50fad06513dd,3.9677,0.9864,1.0191
4d4d40f2-1f96-4d31-81aa-d44b17a217ed,5.5014,1.3602,1.2712
b35a11fb-548c-4b6c-99e7-c4114be6411a,1.6574,0.4876,0.4569
f4cecad7-2cca-4990-9d88-115b6b201cc5,2.4405,0.758,0.7465
a32190c5-a193-4e90-ac98-38a600bb10f0,1.3397,0.443,0.4071
6ddc13fe-e8e0-4fb1-88df-c068fe87b5cb,3.486,0.9971,1.0302
4541a5e4-240b-466d-bbc4-3904581490f3,2.6095,0.736,0.641
694ca3d8-9748-4c0f-9021-d599d81a325e,3.5764,1.4712,1.4763
a78e7939-a1ea-4b9d-ae55-3c1dc985bbd8,1.4565,0.4108,0.3803
92914efd-97af-48e2-b097-e91129f8c1b2,7.0596,1.8647,1.8421
2244c5e8-a873-4e29-abb7-e869a7d79e3f,2.6716,0.6737,0.6247
e6e7d36e-b6c6-4e54-95ee-ee20e6f1f80e,8.1402,2.2633,2.0889
0c13d041-ca8d-48cc-ba02-3b7889e5367c,5.8633,1.458,1.422
c4eb8167-4c62-4a41-b9a7-f3259f945d9d,3.0274,1.2629,1.3003
ca701a41-b397-48b7-bad4-09ef8b4eb462,3.6629,1.2921,1.3469
8b7eaa6a-3ea9-4bf4-b814-7b2e7dbb3528,2.2564,0.6031,0.6256
c7066edf-43fc-4bcf-bb63-ab75860d2410,10.4102,2.7886,2.6715
e0527b4b-de23-4b9f-8871-13f64f6976cd,4.7627,1.4327,1.462
253aa5dc-9853-462a-9bcd-c2e44817833b,3.4581,0.9352,0.8935
1c3dbd2f-1c07-48cb-a844-0b1b3eb14e0d,2.7483,0.7265,0.7451
35da5f48-1c64-488b-8330-01e5fcbd9801,3.9542,1.1227,1.028
61348250-68d8-4cef-b6f9-68a68d35508f,0.7327,0.2139,0.2272
0631de29-6e9a-4928-ab8a-c76bd44dbd45,1.9665,0.5222,0.4555
748e4eaa-2b96-4dce-a903-c7df733d7f50,3.9549,0.9979,0.9759
38b11e1f-1db0-4733-bdf6-fb64664027d4,0.9262,0.2591,0.2715
a17d056c-59ee-4c93-9357-19d57f108144,1.7172,0.5301,0.5426
48c63209-a387-4045-8a24-7b9792db7623,1.2644,0.3639,0.3515
c62cda08-6134-47c6-8796-9da0788d9717,3.6231,0.9665,0.9308
2db5e0aa-342e-4766-8725-c1d677fd52b2,12.0685,3.2486,3.2905
8909b639-c15f-4935-a698-6de79c3d0433,1.6077,0.5146,0.547
b0c13073-8725-4707-983c-506fe46205d7,4.5203,1.3023,1.3294
952e9924-3a48-4572-bf4c-95e5049e452d,2.4407,0.6467,0.5867
f532a6be-de3e-420c-960a-23627589e7ad,8.346,2.8461,3.0059
ce098c6d-1b12-48df-bbbb-4f1ea8788942,4.8815,1.1976,1.1649
3099b2a6-0d46-4404-88b0-a3689b019c38,1.9642,0.6064,0.6644
370e6381-c31a-475b-b2c7-2c5de9e2c8ec,1.9209,0.5243,0.5208
48e1886c-614d-4e2c-bf34-936fd82969c1,11.3285,2.8209,2.5353
2cfbc50e-e38d-41ad-8809-a3ed9685ddf1,5.5604,1.5019,1.6677
3f32cdec-5a60-4147-b313-7c9a9dfefc78,5.1999,1.3252,1.3589
13fc37db-3160-4e82-bd63-52fc295e0e19,7.3199,1.9554,1.8125
8d1641ea-7552-4d23-9298-094e0056386a,1.8539,0.5212,0.5796
099445c1-bd35-43ac-ab7e-9a8a9999c9a7,3.0717,1.9453,2.3806
c58a5583-7b04-4b67-9372-e161e18d7de1,6.8988,2.055,1.9525
8afeab3f-89ee-4901-8a32-d13587dbcab5,1.084,0.3661,0.3989
081b4937-85e7-44b3-9124-a612f4f2e0ca,2.5699,0.8129,0.7947
7135f14b-e84f-4ebf-8d95-b2a3c843fd4d,5.4976,1.4394,1.3519
f738acc1-0445-49e0-a279-3469620c8d4a,1.1409,0.4031,0.4493
fb120cb4-2cee-4848-a60e-6c1fba723dc9,3.5557,0.8366,0.7153
0633890f-584c-43d9-aa3f-7a6555533dd8,1.0739,0.3261,0.339
61ad862c-0bd2-4fcd-a9e1-f42e8099bd81,1.9546,0.5644,0.5666
7e11de5c-487d-4fc2-845e-efab7a39e031,2.1867,0.5717,0.5344
bae57be0-48af-438d-88fa-cbaaf16b3d33,3.8499,1.1557,1.2293
a33f7e32-cc76-476b-b35c-b03864b72cbb,1.2933,0.5892,0.7391
e682e28e-0611-4e92-899c-637fde17423d,2.2939,0.8347,0.8965
ec60e081-f075-4c72-b1e7-62e1f1429fc1,1.6394,0.4857,0.4775
54aca121-5b70-4833-84ac-c7506a57bd02,1.1556,0.3173,0.3293
c32e3393-3a51-4d72-aa60-e8e6e8c083f0,0.5311,0.1765,0.2035
b2868132-6476-4eec-9032-2a668d894baa,0.438,0.128,0.1285
c8c4129c-48ca-4df9-9ef8-bab2a794ebbf,0.9233,0.4335,0.5307
e862a544-f553-47fa-ba8b-675e0ce7c5bd,1.595,0.4803,0.5064
1990cbfd-497e-4fcb-ad10-251e410c0d29,3.467,1.1001,1.1845
553e13f9-e00e-4b05-b934-c3837ad4d02d,1.4912,0.4373,0.4371
0e062eef-29b8-4622-afd9-0d3f0d1c37d6,4.0656,1.2602,1.2219
e548b6da-7025-48ef-bac6-50dcf66abe71,1.6705,0.6015,0.6825
f3eb5b26-5414-454f-a01f-a282b0369596,3.4989,1.0724,1.1139
defae193-bf7c-417c-b68a-57963eb454ef,2.1406,0.6826,0.7103
c63e3277-327a-4259-84f2-13d9a2c2d68a,2.4907,0.7463,0.8077
cf4160bb-9ef4-43c1-ac83-f6ca897101ee,3.0461,0.9295,0.9102
631a9df0-9d81-4b15-9ee6-3ae9f31dcba6,0.5259,0.263,0.3521
4e75f67b-99df-4ad5-a2ca-1877a3d45655,8.133,2.2328,1.9651
51bced11-ff98-4338-8e54-0b1a35a6d982,2.7901,0.9024,0.9497
6e6eeb9a-6437-4e53-9fb7-c283f738d3bd,3.2438,0.8691,0.8714
0f669396-2dc4-4305-aa35-c6fbd82ee7df,5.4406,1.5971,1.5861
d474de4c-c01d-46f5-92a6-7513f7a38eed,5.0286,1.2307,1.163
5ef81653-adf0-4286-9f43-218490539508,5.1945,1.4155,1.321
02a4ccea-1464-4664-bc44-bb6569a34608,8.2586,2.2902,2.2189
d7eb3fb0-7bfe-4f69-b298-41dde09902e6,2.5119,0.6205,0.6262
85caaa0e-2811-46d2-b934-d9f9f006afc6,2.5866,0.8115,0.8725
